Lamar Odom,Golden Ticket to Sex Doll Factory ... Orders Custom Khloe Kardashian Look-Alike!!!,https://www.tmz.com/2024/11/07/lamar-odom-buys-custom-sex-doll-custom-order-resembles-khloe-kardashian/
Liam Payne,3 People Charged in Death Probe ...,https://www.tmz.com/2024/11/07/liam-payne-death-case-suspects-charged-drugs-hotel-employee-dealer/
Rihanna,Butta Drop For My Famous Booty ... Woman Rubs Down Backside With Cream!!!,https://www.tmz.com/2024/11/07/rihanna-woman-covers-butt-fenty-body-cream-lingerie/
Madonna,'F*** TRUMP' Cake Down The Hatch,https://www.tmz.com/2024/11/07/madonna-eats-anti-trump-cake-after-election/
Zendaya & Robert Pattinson,All Smiles on Set of New Flick ... No 'Drama' Here,https://www.tmz.com/2024/11/07/zendaya-robert-pattinson-shooting-the-drama-behind-the-scenes-photos/
Vladimir Putin,"Congrats, Trump!!! Calls Him A 'Brave' Man",https://www.tmz.com/2024/11/07/vladimir-putin-congratulates-donald-trump-election-win/
Zach Bryan,Ex-Girlfriend Brianna LaPaglia Says Peace Out ... Moving Truck Spotted At His Massachusetts Home,https://www.tmz.com/2024/11/07/brianna-lapaglia-moves-out-zach-bryan-house-after-breakup/
Artem Chigvintsev,I'm A Hard Hat At Heart ... Fires Back at Nikki!!!,https://www.tmz.com/2024/11/07/artem-chigvintsev-likes-construction-despite-nikki-bella-claims/
Dustin Hoffman,Peek-A-Boo With Paparazzi!!!,https://www.tmz.com/2024/11/07/dustin-hoffman-hiding-from-paparazzi-peek-a-boo-brentwood-california/
Prince's Sister Tyka Nelson,Paramedics Called Many Times ... Dealt With Heart Problems,https://www.tmz.com/2024/11/07/prince-sister-tyka-nelson-paramedics-called-to-home-many-times/
Bronny James,Assigned To Lakers' G League Affiliate,https://www.tmz.com/2024/11/07/bronny-james-lakers-g-league/
Travis Kelce,,https://www.tmz.com/2024/11/07/kelce-jeopardy-swift-jab/
Sunny Hostin,'Uneducated' White Women Put Trump Back in Power ... Voted Against Reproductive Rights!!!,https://www.tmz.com/2024/11/07/sunny-hostin-blames-uneducated-white-women-for-donald-trump-reelection/
Halle Bailey,,https://www.tmz.com/2024/11/07/halle-bailey-admits-overreacted-to-baby-halo-livestream-ddg-kai-cenat-social-media/
Kristin Cavallari,Hangs Out With Ex Mark Estes ... Spend Time at Nashville Bar,https://www.tmz.com/2024/11/07/kristin-cavallari-hangs-out-ex-mark-estes-nashville-bar/
Penn State PD,Still Haven't ID'd Man In Kelce Incident ... After Viral Confrontation,https://www.tmz.com/2024/11/07/penn-state-police-jason-kelce-incident/
Lamar Odom,Golden Ticket to Sex Doll Factory ... Orders Custom Khloe Kardashian Look-Alike!!!,https://www.tmz.com/2024/11/07/lamar-odom-buys-custom-sex-doll-custom-order-resembles-khloe-kardashian/
Liam Payne,3 People Charged in Death Probe ...,https://www.tmz.com/2024/11/07/liam-payne-death-case-suspects-charged-drugs-hotel-employee-dealer/
Rihanna,Butta Drop For My Famous Booty ... Woman Rubs Down Backside With Cream!!!,https://www.tmz.com/2024/11/07/rihanna-woman-covers-butt-fenty-body-cream-lingerie/
Madonna,'F*** TRUMP' Cake Down The Hatch,https://www.tmz.com/2024/11/07/madonna-eats-anti-trump-cake-after-election/
Zendaya & Robert Pattinson,All Smiles on Set of New Flick ... No 'Drama' Here,https://www.tmz.com/2024/11/07/zendaya-robert-pattinson-shooting-the-drama-behind-the-scenes-photos/
Vladimir Putin,"Congrats, Trump!!! Calls Him A 'Brave' Man",https://www.tmz.com/2024/11/07/vladimir-putin-congratulates-donald-trump-election-win/
Zach Bryan,Ex-Girlfriend Brianna LaPaglia Says Peace Out ... Moving Truck Spotted At His Massachusetts Home,https://www.tmz.com/2024/11/07/brianna-lapaglia-moves-out-zach-bryan-house-after-breakup/
Artem Chigvintsev,I'm A Hard Hat At Heart ... Fires Back at Nikki!!!,https://www.tmz.com/2024/11/07/artem-chigvintsev-likes-construction-despite-nikki-bella-claims/
Dustin Hoffman,Peek-A-Boo With Paparazzi!!!,https://www.tmz.com/2024/11/07/dustin-hoffman-hiding-from-paparazzi-peek-a-boo-brentwood-california/
Prince's Sister Tyka Nelson,Paramedics Called Many Times ... Dealt With Heart Problems,https://www.tmz.com/2024/11/07/prince-sister-tyka-nelson-paramedics-called-to-home-many-times/
Bronny James,Assigned To Lakers' G League Affiliate,https://www.tmz.com/2024/11/07/bronny-james-lakers-g-league/
Travis Kelce,,https://www.tmz.com/2024/11/07/kelce-jeopardy-swift-jab/
Sunny Hostin,'Uneducated' White Women Put Trump Back in Power ... Voted Against Reproductive Rights!!!,https://www.tmz.com/2024/11/07/sunny-hostin-blames-uneducated-white-women-for-donald-trump-reelection/
Halle Bailey,,https://www.tmz.com/2024/11/07/halle-bailey-admits-overreacted-to-baby-halo-livestream-ddg-kai-cenat-social-media/
Kristin Cavallari,Hangs Out With Ex Mark Estes ... Spend Time at Nashville Bar,https://www.tmz.com/2024/11/07/kristin-cavallari-hangs-out-ex-mark-estes-nashville-bar/
Penn State PD,Still Haven't ID'd Man In Kelce Incident ... After Viral Confrontation,https://www.tmz.com/2024/11/07/penn-state-police-jason-kelce-incident/
