Taylor Swift,"Taylor Swift's Motorcade Snarls Traffic in Toronto, Pisses Off Residents",https://www.tmz.com/2024/11/15/taylor-swift-motorcade-toronto-highway-traffic-eras-tour/,"Taylor Swift's getting a big police escort up in Canada and, while some fans say she completely shut down a freeway in the city, we're told that's not true ... she only partially shut it down."
Taylor Swift,Taylor Swift Hits Sexy Dance Move at Toronto Show After Travis Kelce Visit,https://www.tmz.com/2024/11/15/taylor-swift-hits-sexy-dance-move-at-eras-toronto-show-rogers-centre/,Taylor Swiftis feeling herself now more than ever ... hitting a particularly sexy dance move as her record-breaking 'Eras' tour is approaching its finish line.
Taylor Swift,Travis Kelce Hits Jelly Roll Concert Sans Taylor Swift,https://www.tmz.com/2024/11/14/travis-kelce-hits-jelly-roll-concert-sans-taylor-swift/,Travis Kelcegot out of the house on Wednesday to hit up a concert ... but it was NOT a date night for the NFL star --TMZ Sportshas learnedTaylor Swiftstayed behind.
Taylor Swift,Camila Cabello Announces 'Internet Break' Ahead of Shawn Mendes' New Album Drop,https://www.tmz.com/2024/11/14/camila-cabello-announces-internet-break-ahead-of-shawn-mendes-new-album/,"Camila Cabellois signing off from the internet for a bit ... announcing her decision hours before her ex,Shawn Mendes, is set to release his new album."
Taylor Swift,Pharrell Williams Denies Dissing Taylor Swift's Kamala Harris Endorsement,https://www.tmz.com/2024/11/13/pharrell-williams-denies-dissing-taylor-swift-kamala-harris-endorsement/,Pharrell Williamscriticized music stars on both sides of the aisle campaigning for their presidential picks ahead of the election ... but is flat-out denying he was gunning atTaylor Swift!!!
Taylor Swift,"Dean Cain Glad Taylor Swift Fans Didn't Sway Election, 'Common Sense Prevailed'",https://www.tmz.com/2024/11/12/dean-cain-happy-taylor-swift-fans-didnt-change-election-outcome/,Dean Cainis happyTaylor Swiftfans turned out to not beDonald Trump's kryptonite ... because Taylor's endorsement didn't putKamala Harrisin the White House.
Taylor Swift,FBI Investigating Patrick Mahomes and Travis Kelce Home Burglaries,https://www.tmz.com/2024/11/12/fbi-investigating-patrick-mahomes-travis-kelce-home-burlgary/,The feds are working with local law enforcement agencies to investigate the burglaries at the homes of Kansas City Chiefs starsPatrick MahomesandTravis Kelce... TMZ has learned.
Taylor Swift,Patrick Mahomes & Travis Kelce's Homes Burglarized,https://www.tmz.com/2024/11/12/patrick-mahomes-travis-kelce-homes-burglarized/,"2:50 PM PT-- Sources familiar with the situation tell TMZ ...Travis KelceandTaylor Swiftdidn't take any chances during last month’s break-in at his home. Our sources say Travis and Taylor stayed at a downtown Kansas City hotel on the night of the Oct. 7th burglary, after the Chiefs' ""Monday Night Football"" showdown with the Saints at Arrowhead Stadium. We're told Taylor and Travis's security wasn't playing around after the break-in."
Taylor Swift,"Flavor Flav, Jason Sudeikis Perform Public Enemy Hit at Charity Event, Raise Big Bucks",https://www.tmz.com/2024/11/11/flavor-flav-jason-sudeikis-bring-the-noise-thundergong-kansas-city/,"Jason Sudeikislived out his childhood fantasy (we suspect) this past weekend ... the ""Ted Lasso"" star dreamed he wasChuck D-- and woke up in real life performing withFlavor Flavvvvv!!!"
Taylor Swift,Beyoncé's Career to Be Studied in New Yale University Course,https://www.tmz.com/2024/11/11/beyonce-career-to-be-studied-new-yale-university-course/,Beyoncéwill have Ivy League students saying her name next semester ... the chart topper's history-making career will be studied at Yale University in 2025.
Kanye West,"TMZ TV Hot Take: Kanye West Sued Over Sex With Bianca, Nazi Gear",https://www.tmz.com/2024/11/17/tmz-tv-hot-take-kanye-west-sued-sex-bianca-censori-nazi-gear/,Kanye Westis being sued for his sex life and fashion choices ... and we discuss it all on this edition of TMZ TV Hot Take.
Kanye West,"Kanye West's Ex-Employee Sues Him for Flaunting Sex With Bianca, Nazi Gear",https://www.tmz.com/2024/11/14/kanye-west-sued-by-former-employee-murphy-aficionado-hostile-work-environment/,"One ofKanye West's ex-employees is lashing out at his former boss, accusing him in a new lawsuit of antisemitism and lewd conduct withBianca Censori... during what were supposed to be work meetings."
Kanye West,Kim Kardashian Says She's Raising 4 Kids by Herself After Kanye Divorce,https://www.tmz.com/2024/11/14/kim-kardashian-raising-kids-by-herself-after-kanye-west-divorce/,"Kim Kardashian’s getting real about raising her brood post-divorce fromKanye-- hinting that he's basically MIA in her life, and it’s her holding it down solo with the kiddos."
Kanye West,Bianca Censori Visits Disneyland With Friends,https://www.tmz.com/2024/11/13/bianca-censori-disneyland-without-kanye-west/,Bianca Censoriis getting in touch with her inner child ... hitting up the Happiest Place on Earth with a couple of her pals.
Kanye West,"Kanye, Ty Dolla Sign Sued for Copyright Infringement Over Vultures I Track",https://www.tmz.com/2024/11/13/kanye-ty-dolla-sign-sued-copyright-infringement-vultures-1-fuk-sumn-kilo-g/,"Kanye WestandTy Dolla Signmaybe got snubbed for aBest Rap Album Grammyfor their ""Vultures 1"" ... but one group of Memphis rappers is claiming the dynamic duo snubbed them on credit that helped the finished product!!!"
Kanye West,Bianca Censori's Sexy Shopping Spree,https://www.tmz.com/2024/11/12/bianca-censori-sexy-shopping-spree/,Bianca Censorionly knows how to shop one way ... by looking super sexy.
Kanye West,"Consequence, Chuck D Blast America's Treatment of Black People in New Collab",https://www.tmz.com/2024/11/07/consequence-chuck-d-collab-what-has-america-done-video-treatment-of-black-people/,ConsequenceandChuck Dare fired up this post-election after the poll results didn't go in their favor and firing at America with a lyrical blast about the treatment of its Black citizens!!!
Kanye West,"Dave Portnoy, Josh Richards Unload On Zach Bryan In Diss Track",https://www.tmz.com/2024/11/06/dave-portnoy-josh-richards-diss-track-zach-bryan/,TheZach BryanandBrianna LaPagliasplit just got a whole lot uglier ... withDave PortnoyandJosh Richardsreleasing a ruthless diss track aimed at the country music star.
Kanye West,Waka Flocka Flame Defends Donald Trump Support Despite Not Voting,https://www.tmz.com/2024/11/05/waka-flocka-flame-didnt-vote-supports-donald-trump/,"Waka Flocka Flameis one of hip hop's most vocalDonald Trumpsupporters, and it turns out his chatterbox has been his only political contribution -- records show he actually never cast a vote for his ace!!!"
Kanye West,Kristin Cavallari Says Britney Spears Texted Her About Her Clone Conspiracy,https://www.tmz.com/2024/11/05/kristin-cavallari-podcast-britney-spears-texted-her-clone-conspiracy-theory/,"Kristin Cavallarihas revealedBritney Spearsreached out to her, but it wasn’t for casual girl talk -- turns out, the singer had something to say after catching a comment she made."
MrBeast,"Paul vs. Tyson Prop Bets, Will Mike Bite Jake's Penis?",https://www.tmz.com/2024/11/14/paul-tyson-prop-bets/,"The Brinks trucks will be waiting forJake PaulandMike Tysonafter Friday's boxing match ... but viewers can walk away with a huge chunk of change, too -- with prop bets turning the fight into a money-making opportunity!!"
MrBeast,Noah Lyles Barely Beats IShowSpeed In 50-Meter Dash,https://www.tmz.com/2024/11/07/noah-lyles-ishowspeed-race/,"Noah Lylesis the Fastest Man Alive, but the Olympic gold medalist almost lost his title to a content creator ... narrowly beatingIShowSpeedin a 50-meter dash!!"
MrBeast,MrBeast Internal Investigation Finds Grooming Claims Are Baseless,https://www.tmz.com/2024/11/01/alex-spiro-investigative-conclusions-into-mr-beasts-grooming-allegations/,The internal investigationMrBeastcommissioned after his longtime co-hostAva Kris Tysonwas hit with serious grooming allegations found no evidence of such claims ... but the probe did turn up some isolated instances of workplace harassment and misconduct.
MrBeast,"Logan Paul Slams Lunchly Critics, We're Crushing It!",https://www.tmz.com/2024/10/28/logan-paul-slams-lunchly-critics/,"Logan Paulis clapping back at all the negativity surrounding his Lunchly company ... saying despite haters praying for its downfall, the sales tell a different story."
MrBeast,"Livvy Dunne, Paul Brothers, Kai Cenat Among Forbes' Top Content Creators",https://www.tmz.com/2024/10/28/forbes-top-creators-livvy-dunne-logan-paul-kai-cenat/,"The top content creators of the past year have been announced ... and notable sports figures likeLivvy Dunne, the Paul brothers andFlau'jae Johnsonmade the cut -- thanks to their fat wallets and huge audiences!!"
MrBeast,"FDA Receiving Complaints Over Logan Paul, KSI, MrBeast's Lunchly Meals",https://www.tmz.com/2024/10/25/fda-complaints-moldy-lunchly-meals/,"Logan Paul,KSIandMrBeast's moldy Lunchly fiasco is on the FDA's radar ... with the agency tellingTMZ Sportsit has received numerous complaints surrounding the internet superstars' most recent business venture."
MrBeast,"Logan Paul, KSI Laugh Off Lunchly Mold Concerns, Haters Use Us For Clicks!",https://www.tmz.com/2024/10/25/logan-paul-ksi-lunchly-mold/,Logan PaulandKSIdon't seem too worried about the alleged mold issue with their new Lunchly meal products ... brushing off the outrage and chalking it up to people using them for clout.
MrBeast,"Logan Paul, KSI Send Truckload of Prime Hydration To N.C. For Hurricane Relief",https://www.tmz.com/2024/10/01/logan-paul-ksi-prime-hurricane-relief/,Logan PaulandKSIare doing their part to help out with Hurricane Helene relief ... sending a whole truckload of their Prime Hydration drink to those affected by the devastating storm.
MrBeast,"Jake Paul Impressed By Ronaldo's YouTube Numbers, But Says He Won't Catch MrBeast",https://www.tmz.com/2024/08/25/jake-paul-cristiano-ronaldo-mr-beast-youtube/,Cristiano Ronaldomay have broken the record for most subscribers in 90 minutes on YouTube ... but there's just no way in hell he's catching up toMrBeast's astronomical figures -- so saysJake Paul.
MrBeast,Cristiano Ronaldo Shatters YouTube Record After Launching Channel,https://www.tmz.com/2024/08/22/cristiano-ronaldo-channel-breaks-youtube-record/,"Watch out,MrBeast... there's a new YouTuber in town --Cristiano Ronaldo-- and he's already asserting his dominance on the platform!!"
The Weeknd,Guess Who This 'Perfect' Lil' Pirate Turned Into!,https://www.tmz.com/2024/10/23/guess-who-this-perfect-lil-pirate-turned-into/,"Before this lil' star with his sword was an international star, he was just throwin' on his tricorn, fighting his way to be a musician and growing up in England ... Arr you prepared to guess this matey?"
The Weeknd,The Weeknd Breaks Own Record For Most Monthly Listeners on Spotify,https://www.tmz.com/2024/10/12/the-weeknd-breaks-history-most-monthly-listeners-spotify/,The Weeknd's Spotify numbers have reached blinding heights ... 'cause the star shattered his own record for monthly listeners on the platform.
The Weeknd,"Charlamagne Tha God Salutes Jay-Z, Roc Nation For Taylor Swift-Less Super Bowl Halftime",https://www.tmz.com/2024/09/09/charlamagne-tha-god-thanks-jay-z-no-taylor-swift-super-bowl/,Charlamagne Tha Godthinks people need to lay offJay-Zand Roc Nation for selectingKendrick LamaroverLil Waynefor the Super Bowl 59 halftime show in New Orleans ... and start congratulating them for keepingTaylor Swiftoff the stage!!!
The Weeknd,Eminem Betting Favorite to Date Jennifer Lopez After Ben Affleck Divorce,https://www.tmz.com/2024/08/24/eminem-jennifer-lopez-ben-affleck-betting-odds/,CouldJennifer Lopezbounce from Batman toSuperman?? That's what the oddsmakers are thinking ... 'causeEminemis the betting favorite to be J Lo's next man after her divorce fromBen Affleck.
The Weeknd,"'Euphoria' Creator Sam Levinson Blamed Zendaya for Delays, But All Good Now",https://www.tmz.com/2024/07/23/zendaya-reportedly-blamed-euphoria-delays-sam-levinson/,"Zendayaand ""Euphoria"" directorSam Levinsonare gearing up to finally shoot the show's long-delayed third season -- but a while back, he was reportedly blaming her for holding up production."
The Weeknd,Rick Ross Vancouver Fight Started Due to Fans Pissed About Drake Trash Talk,https://www.tmz.com/2024/07/03/rick-ross-fight-started-fans-upset-drake-trash-talk/,Rick Ross' violent face-off in Vancouver is exactly what it seems -- the end result of the rapper's recent beef withDrake... TMZ has learned.
The Weeknd,Hit-Boy and Big Hit Explain The Weeknd Meet-Up At Kendrick Lamar Pop-Out,https://www.tmz.com/2024/06/21/hit-boy-big-hit-kendrick-lamar-pop-out-weeknd-game/,Hit-BoyandBig Hitsay they had the grandest time atKendrick Lamar's Pop-Out -- one of the highlights being hanging out withThe Weeknd!!!
The Weeknd,Kendrick Lamar Concert Unites L.A. Hip Hop Stars & Gangs Post-Drake Beef,https://www.tmz.com/2024/06/20/kendrick-lamar-ken-friends-pop-up-concert-los-angeles-drake-beef/,Kendrick Lamarput on one of the biggest hip hop moments in recent memory Wednesday night in Inglewood ... and there were a lot of highlights on the heels of the Drake beef.
The Weeknd,Drake Surfaces to Watch Adonis Play Soccer Weeks After Shooting at Home,https://www.tmz.com/2024/06/07/drake-son-adonis-soccer-game-toronto-sophie-brussaux/,Drake's trying to get back to normal life after a month of craziness on the home front -- which included a shooting -- and nothing screams normal more than a proud soccer dad in a cardigan.
The Weeknd,"Jelly Roll Claims Marijuana Keeps Him 'Sober,' Off Hard Drugs",https://www.tmz.com/2024/05/27/jelly-roll-claims-marijuana-keeps-him-sober-off-hard-drugs-codeine-cocaine/,Jelly Roll's sober strategy involves just a dash of drugs ... 'cause he says he needs marijuana to live a clean lifestyle -- claiming without it he'd go back to harder stuff in a heartbeat.
Justin Bieber,Hailey and Justin Bieber Post First Adorable Family Snaps for Halloween,https://www.tmz.com/2024/11/02/hailey-justin-bieber-post-first-pictures-with-family-baby-halloween/,JustinandHailey Biebercelebrated Halloween in a very exciting way this year ... sharing their first family picture with babyJack Blues!
Justin Bieber,Worst Dressed Celebs of Halloween 2024,https://www.tmz.com/2024/11/01/worst-dressed-celebs-halloween-2024-costumes/,"Not every celebrity goes all out for Halloween likeHeidi KlumandKim Kardashian... a lot of them mail it in, and we've got the photos to prove it!!!"
Justin Bieber,Hailey Bieber & Kendall Jenner Recreate 'Simple Life' Scene for Halloween,https://www.tmz.com/2024/10/31/hailey-bieber-kendall-jenner-recreate-simple-life-scene-halloween/,"Hailey BieberandKendall Jennerare trading in Hollywood for ""The Simple Life"" ... or, at least, they are for Halloween."
Justin Bieber,"Lil Durk Says Jail Food Is Terrible, but Overall He's in 'Great Spirits'",https://www.tmz.com/2024/10/30/lil-durk-hates-jail-food-murder-for-hire-arrest-miami/,Lil Durkis hanging in there despite his recent murder-for-hire arrest ... with sources telling us his only complaint is about the food on the inside.
Justin Bieber,Kanye West's $35 Million Beverly Hills Mansion Looks Lavish From Above,https://www.tmz.com/2024/10/29/kanye-west-beverly-hills-mansion-aerial-footage/,Here's the first visual ofKanye West's recent big-ticket purchase in Beverly Hills ... and his $35 million mansion looks pretty lavish ... at least from a bird's eye view.
Justin Bieber,Kanye West Buys $35 Million Beverly Hills Home,https://www.tmz.com/2024/10/28/kanye-west-buys-35-million-dollar-beverly-hills-home/,Kanye Westis on the move ... snatching up a pricey mansion in Beverly Hills after selling his Malibu estate.
Justin Bieber,Lana Del Rey Shares First Comments on Marriage to Jeremy Dufrene,https://www.tmz.com/2024/10/26/lana-del-rey-comments-on-marriage-jeremy-dufrene/,Lana Del Reyis finally opening up a tad about her marriage toJeremy Dufrene... and let's just say she's glowing.
Justin Bieber,Lil Durk Has Key to City Yanked After Murder-for-Hire Arrest,https://www.tmz.com/2024/10/25/lil-durk-key-to-city-broadview-chicago-taken-away-murder-for-hire-arrest/,Lil Durkwas just arrested in a murder conspiracy -- and one of the city keys he received last week has just been yanked before the new smell could whiff away!!!
Justin Bieber,Justin Bieber Photographed Grabbing Hailey's Butt at Party in L.A.,https://www.tmz.com/2024/10/24/justin-bieber-hailey-bella-hadid-kylie-jenner/,JustinandHailey Bieberattended a launch party in L.A. Wednesday night -- and the singer had his hands full with his wife -- literally!
Justin Bieber,"Justin Bieber Feels Business Managers Squandered a Fortune, Considering Legal Action",https://www.tmz.com/2024/10/23/justin-bieber-feels-business-managers-squandered-money-considering-lawsuit/,"Justin Bieberthinks it's way too late to say ""Sorry"" when it comes to some of his former business managers -- he thinks they grossly mismanaged his money, and it could be time to take legal action."
Jake Paul,Video Shows Inside Jake Paul's After-Party Following Mike Tyson Victory,https://www.tmz.com/2024/11/17/jake-paul-ufc-party-after-beating-mike-tyson/,"Jake Paulcelebrated his big win againstMike Tysonin a major way ... throwing a fun-filled after party with his brother,Logan, and other familiar faces -- and we have footage from the wild festivities."
Jake Paul,"Jake Paul Arrives at After-Party For Mike Tyson Fight, First Appearance Since Win",https://www.tmz.com/2024/11/16/jake-paul-after-party-mike-tyson-fight/,"Jake Paul's ready to cut loose after his big win overMike Tyson... pulling up to an after-party his company, Betr, is throwing in Dallas."
Jake Paul,Pacman Jones Arrested After Jake Paul Vs. Mike Tyson Fight,https://www.tmz.com/2024/11/16/pacman-jones-arrested-paul-tyson-fight/,"9:41 AM PT-- A rep forPacmantells TMZ Sports the former NFL star ""adamantly denies the allegations and looks forward to explaining the truth when the time comes."""
Jake Paul,"Mike Tyson Says Boxing Again is Victory, Talks Nearly Dying In Hospital In June",https://www.tmz.com/2024/11/16/mike-tyson-boxing-again-nearly-died/,"Mike Tysonsays he's feeling like a winner Saturday ... this, less than 24 hours after clearly losing his bout againstJake Paulat AT&T Stadium in Dallas."
Jake Paul,"Jake Paul, Mike Tyson Fight Drew In 60 Million Household Viewers On Netflix",https://www.tmz.com/2024/11/16/jake-paul-mike-tyson-numbers-millions-netflix/,Netflix has officially released the numbers for just how many people tuned into theJake PaulandMike Tysonfight ... and it is staggering.
Jake Paul,Amanda Serrano Walks Back Claim Katie Taylor Kept Illegally Headbutting Her,https://www.tmz.com/2024/11/16/amanda-serrano-takes-back-claim-katie-taylor-headbutt/,Amanda Serrano's issuing a mea culpa after accusingKatie Taylorof intentionally headbutting her repeatedly ... taking to X to tell everyone she was way out of line with her previous comments.
Jake Paul,Amanda Serrano Shares Gruesome Injury Pic After Loss to Katie Taylor,https://www.tmz.com/2024/11/16/amanda-serrano-shows-gruesome-injury-cut-photo/,BoxerAmanda Serranoposted a wicked picture of the huge gash over her eye ... right after being defeated byKatie Taylorin a classic bout Friday night at theMike Tysonvs.Jake Paulevent.
Jake Paul,Rashee Rice Hits Jake Paul vs. Mike Tyson After-Party Amid Injury Recovery,https://www.tmz.com/2024/11/16/rashee-rice-tyson-paul-fight-after-party/,Kansas City Chiefs starRashee Riceappears to be in great spirits on his road to recovery ... hitting up theJake Paulvs.Mike Tysonfestivities in Texas as he inches closer to getting back on the football field.
Jake Paul,"Jake Paul Admits He Took It Easy On Mike Tyson, Didn't Want To Hurt Him",https://www.tmz.com/2024/11/16/jake-paul-easy-mike-tyson-boxing-match/,Jake Paulsays he eased up onMike Tysonduring their fight ... admitting he could tell the boxing legend was struggling in the ring -- and there was no need to knock him out.
Jake Paul,Jake Paul Challenges Conor McGregor To MMA Fight After Win Over Tyson,https://www.tmz.com/2024/11/16/jake-paul-challenges-conor-mcgregor-mma-fight/,Jake Paulhad a massive victory overMike Tysonon Friday night ... and he wasted no time once again trollingConor McGregorfor an MMA fight.
Cardi B,"Dean Cain Glad Taylor Swift Fans Didn't Sway Election, 'Common Sense Prevailed'",https://www.tmz.com/2024/11/12/dean-cain-happy-taylor-swift-fans-didnt-change-election-outcome/,Dean Cainis happyTaylor Swiftfans turned out to not beDonald Trump's kryptonite ... because Taylor's endorsement didn't putKamala Harrisin the White House.
Cardi B,"Plies' Attorney Clarifies Sample Lawsuit for Megan Thee Stallion Producer, Critics",https://www.tmz.com/2024/11/07/plies-attorney-walter-mosley-lawsuit-megan-thee-stallion-glorilla-cardi-b-soulja-boy/,"Pliesfiled an explosive lawsuit yesterday accusingMegan Thee Stallion,GloRilla,Cardi BandSoulja Boyof infringing on one of his catalog cuts ... his attorney says its arrival right after the election was just a coincidence!!!"
Cardi B,Billie Eilish Rips Into 'Predator' Donald Trump During Nashville Show,https://www.tmz.com/2024/11/07/billie-eilish-rips-into-predator-donald-trump-during-nashville-show/,Billie Eilishis unhappy with the outcome of the 2024 presidential election ... ripping into President-electDonald Trumpduring her show in Tennessee.
Cardi B,Kamala Harris Delivers Concession Speech at Howard University,https://www.tmz.com/2024/11/06/kamala-harris-concession-speech-live-stream-howard-university-presidential-election/,"Kamala Harrisis waving the white flag on her election chances, but she's not giving up hope for a brighter tomorrow ... at least that's what she told her supporters after she came up just short in her bid for the White House."
Cardi B,"Plies Sues Megan Thee Stallion, GloRilla, Cardi B, Soulja Boy for Song-Stealing",https://www.tmz.com/2024/11/06/plies-sues-megan-thee-stallion-glorilla-cardi-b-soulja-boy-copyright-infringement/,"Now that the election is over,Pliesis coming hard for his sisters-in-Kamala Harris-- filing a lawsuit againstMegan Thee Stallion,GloRilla, andCardi Bfor copyright infringement!!!"
Cardi B,'Today's Willie Geist Says Celebrity Endorsements 'Didn't Help' Kamala Harris,https://www.tmz.com/2024/11/06/today-show-willie-geist-says-celebrity-endorsements-didnt-help-kamala-harris/,"""Today"" starWillie Geistis sharing his 2 cents on the 2024 Presidential Election ... acknowledging Vice PresidentKamala Harris' many celebrity endorsements didn't matter in the long run."
Cardi B,"Cardi B Says Election Results Are Why Some States Get Hurricanes, Deletes Post",https://www.tmz.com/2024/11/06/cardi-b-election-results-are-why-states-get-hurricanes-deleted-post/,Cardi Bmay be regretting her gut reaction toKamala Harris' election loss ... posting and then deleting a savage dig directed toward red states in the South that helpedDonald Trumpnab the presidency.
Cardi B,"Sauce Walka Celebrates Donald Trump Win, Calling Presidency 'A Man's Job'",https://www.tmz.com/2024/11/06/sauce-walka-celebrates-president-trump-mans-job/,Sauce Walkahas a provocative take in the wake ofDonald Trump's crushing victory in Texas and the 2024 Presidential election ... he thinks it takes balls to operate the Oval Office!!!
Cardi B,"Stephen King, Jamie Lee Curtis, Other Celebs React to Kamala Harris Loss",https://www.tmz.com/2024/11/06/celebrities-react-to-kamala-harris-election-loss-stephen-king/,"Despite countless celebrity endorsements, Vice PresidentKamala Harrisfell short Tuesday night and lost the 2024 Presidential Election ... prompting strong reactions from the entertainment world."
Cardi B,"Beyoncé Transforms Into Pamela Anderson in Video, Urges Viewers to Vote",https://www.tmz.com/2024/11/05/beyonce-vote-pamela-anderson-baywatch/,Beyoncéis using a jaw-dropping transformation and a new music video to encourage American fans to get out and vote ... withPamela Andersonas her ultimate muse.
Drake,Drake's 'Family Matters' Jewelry Lyrics Didn't Bother Pharrell Williams,https://www.tmz.com/2024/11/13/pharrell-williams-unbothered-by-drake-family-matters-jewelry-lyrics/,"Drakeattempted to rattlePharrell's cage on his ""Family Matters"" rapper diss fest earlier this year ... but the former Neptunes producer says the punchline was lost on him!!!"
Drake,Drake and Chris Brown Go Diamond With Monster Collab 'No Guidance',https://www.tmz.com/2024/11/12/drake-chris-brown-no-guidance-diamond-sales/,"DrakeandChris Brownsquashing their beef back in the day has resulted in a shiny new accolade -- a Diamond-certified plaque for their ""No Guidance"" duet!!!"
Drake,"Kendrick Lamar 'Not Like Us' Grammy Nod Iffy, Says 'New Rory & MAL's' Rory",https://www.tmz.com/2024/11/12/rory-farrell-kendrick-lamar-not-like-us-grammy-nomination-questionable/,"Next year's Grammy Awards is stacked with competition from rappers of all shapes and sizes but hip hop podcaster/producerRory Farrellthinks the running favorite is questionable --Kendrick Lamar's ""Not Like Us""!!!"
Drake,Donald Trump Praises Nick Bosa After 'YMCA' Sack Celebration,https://www.tmz.com/2024/11/11/donald-trump-nick-bosa-sack-celebration/,"Nick Bosachanneled his innerDonald Trumpduring the 49er's win over the Tampa Bay Buccaneers ... hitting soon-to-be number 47's signature dance move after picking up a sack, and the President-Elect loved it!"
Drake,Kendrick Lamar's Drake Diss 'Not Like Us' Gets Song of the Year Grammy Nom,https://www.tmz.com/2024/11/08/kendrick-lamar-not-like-us-grammy-nomination-song-of-the-year/,"The 2025 Grammy Nominations were announced Friday and as expected,Kendrick Lamar's ""Not Like Us"" is being considered for some of the biggest honors!!!"
Drake,J. Cole Gets Best Rap Album Grammy Nom for Project With Deleted Kendrick Diss,https://www.tmz.com/2024/11/08/j-cole-best-rap-album-grammys-deleted-kendrick-lamar-diss/,"J. Cole's work effort is being vindicated after taking a lot of lumps from the hip hop community after releasing his recent album ""Might Delete Later"" ... it's nominated for Best Rap Album at the Grammys!!!"
Drake,Kings Owner Rocks Kendrick Lamar Shirt At Raptors Game After Drake's DeRozan Diss,https://www.tmz.com/2024/11/07/sacramento-kings-kendrick-lamar-shirt/,Sacramento KingsownerVivek Ranadiveis making it known he's gotDeMar DeRozan's back amid the hooper's feud withDrake... rocking aKendrick Lamarshirt courtside when the Raptors came to town!
Drake,Eli Manning Attempts Viral Headstand Celebration on 'Monday Night Football',https://www.tmz.com/2024/11/05/eli-manning-headstand-celebration-monday-night-football/,"The viral headstand celebration has taken the NFL by storm ... and New York Giants legendEli Manningwas the latest to get in on the fun -- hitting the move after the Chiefs secured a game-winning touchdown on ""Monday Night Football."""
Drake,"Drake Beefs With DeMar DeRozan At Raptors Game, Appears To Call Him 'P***y'",https://www.tmz.com/2024/11/03/drake-demar-derozan-raptors-game/,"Drakemade his feelings towardDeMar DeRozancrystal clear on Saturday ... targeting the former Toronto Raptor in an apparent retaliation for appearing inKendrick Lamar's ""Not Like Us"" music video."
Drake,"Fat Joe Blames Vibe, Source Mags for Tupac & Biggie Murders, OK's Rappers Ignoring Journalists",https://www.tmz.com/2024/11/01/fat-joe-tupac-biggie-murders-vibe-source-magazines/,"Fat Joeis adding his 2 cents to the brewing conversation that today's hip hop journalists are big trash, spurned over backlash fromKendrick Lamargiving his first ""Not Like Us"" interview toSZA!!!"
P Diddy,Feds Say Diddy's 55th Birthday Celebration Was a Ruse to Influence Jury,https://www.tmz.com/2024/11/16/diddy-birthday-celebration-ruse-influence-jury/,"Diddyis getting creative behind bars to sway a potential jury in his favor -- and he's even used his recent birthday celebration to obstruct justice in his federal criminal case, prosecutors say."
P Diddy,"Shyne Digs Up Nas' Diddy Lyrics About Shooting Trial, Disses Funk Flex",https://www.tmz.com/2024/11/15/shyne-brings-up-nas-diddy-lyrics-after-shooting-trial-diss-funkmaster-flex/,"ShynesaysFunkmaster Flexis a well-known hater and you don't have to take just his word alone ... he says askJay-ZorNasdirectly, or any diehardTupac Shakurfan!!!"
P Diddy,Diddy's Twin Daughters Share Emotional Tribute to Late Mother Kim Porter,https://www.tmz.com/2024/11/15/diddy-kim-porter-twin-daughters-tribute-mother-death-anniversary/,DiddyandKim Porter's twin daughters are sharing an emotional tribute on the anniversary of their late mother's death ... and they still can't believe she's gone.
P Diddy,"Diddy Rejects Shyne's 'Fall Guy,' 'Demonic' Labeling in Media",https://www.tmz.com/2024/11/14/diddy-responds-to-shyne-moses-barrow-claims-shooting-case-fall-guy/,Diddyis coming out swinging against former artistShyne's continuous media campaign that he was scapegoated in their 1999 shooting trial!!!
P Diddy,"Shyne Goes on Media Blitz, Labels Diddy 'Demonic'",https://www.tmz.com/2024/11/14/shyne-media-tour-diddy-shooting-case-honorable-documentary-hulu-stephen-a-smith-tamron-hall-gma/,"Shynehit the NYC pavement hard this week, reminding everyoneDiddyruined his life following the infamous 1999 club shooting -- the actions of a ""demonic"" man!!!"
P Diddy,50 Cent Disapproves of Louisiana Ending Film Tax Credit After Positive Impact,https://www.tmz.com/2024/11/14/50-cent-disapproves-louisiana-ends-film-tax-credit/,"50 Cent's incentive to build a film empire in Shreveport, Louisiana looks to be going out in a wash ... the state's House of Representatives decided this week to eliminate its $150 million tax incentive -- just as his operation was getting revved up!!!"
P Diddy,Lawyer Suing Diddy Warns Other Celebs at 'Freak-Offs' to Pay Up or Face Lawsuits,https://www.tmz.com/2024/11/14/diddy-tony-buzbee-warns-celebrities-to-pay-lawsuits-freak-offs/,"The attorney who is representing more than 120 alleged victims againstDiddysays he's setting his sights on other high-profile people who attended ""Freak-Offs"" -- even if they did nothing illegal."
P Diddy,Meek Mill Distances Himself From Diddy After Years of Association,https://www.tmz.com/2024/11/13/meek-mill-distances-himself-from-diddy/,"10:30 AM PT-- Just like we predicted,Diddy's kids got wind ofMeek Mill's deflection and let's just sayJustin Combsis severely disappointed in the Dreamchaser!!!"
P Diddy,Ray J Says Celebrities Have Told Him They're Paying Off Diddy's Alleged Victims,https://www.tmz.com/2024/11/13/ray-j-claims-celebrities-say-they-pay-off-diddy-victims/,Ray Jsays he's been contacted by multiple celebs who are so scared about their affiliation with Diddy ... they're going to some of the alleged victims and paying them to keep quiet.
P Diddy,"Tekashi 6ix9ine Isolated From Diddy, Other Prisoners at MDC, Pleads Guilty",https://www.tmz.com/2024/11/12/tekashi-6ix9ine-isolated-from-diddy-in-prison-pleads-guilty/,Tekashi 6ix9inemay be holed up in the same MDC tombs asDiddybut that doesn't mean they're dishing the latest music industry gossip -- we're told they're in totally separate areas!!!
Rihanna,Drake and Chris Brown Go Diamond With Monster Collab 'No Guidance',https://www.tmz.com/2024/11/12/drake-chris-brown-no-guidance-diamond-sales/,"DrakeandChris Brownsquashing their beef back in the day has resulted in a shiny new accolade -- a Diamond-certified plaque for their ""No Guidance"" duet!!!"
Rihanna,Rihanna Posts Tongue-in-Cheek Video with Fenty Beauty Ad at Bus Stop,https://www.tmz.com/2024/11/10/rihanna-posts-joke-video-fenty-beauty-advertisement-bus-stop/,"Rihanna's taking the bus around town ... or at, least pretending to in order to advertise her Fenty Beauty brand -- 'cause she was hanging out at a bus stop with a huge poster of her behind her."
Rihanna,TMZ TV Hot Take: Rihanna Teases Retirement From Music With Coy Update,https://www.tmz.com/2024/11/10/tmz-tv-hot-take-sunday-rihanna-teases-retirement-from-music-with-coy-update/,"Rihannamay no longer be work, work, work, working on new music ... issuing a coy update about her status in the industry -- and sending fans into a tizzy."
Rihanna,"Rihanna Reignites Retirement Rumors, Says God Had Plans for Her Outside Music",https://www.tmz.com/2024/11/08/rihanna-hints-retirement-music/,"Rihanna's adding more fuel to the retirement rumor fire ... sparking fan speculation online after a recent appearance in Barbados -- where she admitted music got the world's attention, but the Good Lord has more elaborate plans for her."
Rihanna,Guess Who This Sleepy Kid Turned Into!,https://www.tmz.com/2024/11/08/guess-who-this-sleepy-kid-turned-into/,"Before this adorable little girl with curly hair turned into an international singer, she was just dozing off on the sofa, admiringBritney SpearsandRihanna... and began posting song covers on social media!"
Rihanna,"Rihanna Has Woman Cover Butt With Body Cream, Poses in Lingerie",https://www.tmz.com/2024/11/07/rihanna-woman-covers-butt-fenty-body-cream-lingerie/,"Rihannais putting one of her pals to work, work, work, work, work ... having a woman come over and rub her famous backside down with whipped oil body cream from her own brand."
Rihanna,Rihanna Jokes About Sneaking 'Into the Polls' Ahead of Election Day,https://www.tmz.com/2024/11/04/rihanna-jokes-about-sneaking-into-polls-before-election-day/,Rihannais sharing her 2 cents on the 2024 U.S. Presidential election ... even though she's unable to vote on Tuesday.
Rihanna,Celebs Dress Up For La La Anthony's Halloween Party,https://www.tmz.com/2024/10/31/la-la-anthony-halloween-party-west-hollywood/,"Forget the kids,La La Anthony's feeling the real spirit of Halloween ... which is all about grown-ass celebs slipping into scary, sexy, cool costumes and packing into fancy West Hollywood parties."
Rihanna,Celebs Dressed As Celebs For Halloween,https://www.tmz.com/2024/10/24/celebrities-dressed-as-celebrities-halloween-costumes/,"Halloween is THE day to dress up as whatever you flippin' want, so these celebs gave ode to their fave stars by fully dressing up as ... them! Take a scroll through the twinning pics ... This takes imitation to a whole new level of flattery!"
Rihanna,Trina Crowns GloRilla as Female Rapper Who Impresses Her the Most,https://www.tmz.com/2024/10/15/trina-says-glorilla-most-impressive-female-rapper/,Trinais exceptionally proud of today's women-driven hip hop establishment -- she was one of the female rappers who helped establish the order!!!
Billie Eilish,Kristin Cavallari Unbothered by Ex Mark Estes Hanging With Liv Walker,https://www.tmz.com/2024/11/13/kristin-cavallari-unbothered-ex-mark-estes-hanging-liv-walker/,"Kristin Cavallariisn't rattled by her ex,Mark Estes, hanging out with other women ... even after his joke proposal toLiv Walker."
Billie Eilish,"Shawn Mendes, Rita Ora & More Attend 2024 MTV European Music Awards",https://www.tmz.com/2024/11/10/mtv-european-music-awards-2024-shawn-mendes-rita-ora/,America isn't the only place that loves a good award ceremony ... Europe clearly enjoys one too -- 'cause they brought out some big stars for the MTV European Music Awards.
Billie Eilish,"Taylor Swift Makes History With New Grammy Nom, Beats Out Barbra Streisand",https://www.tmz.com/2024/11/08/taylor-swift-makes-history-new-grammy-nomination/,Taylor Swifthas made history with her latest Grammy nomination ... becoming the first female artist to be nominated for Album of the Year 7 times.
Billie Eilish,Billie Eilish Rips Into 'Predator' Donald Trump During Nashville Show,https://www.tmz.com/2024/11/07/billie-eilish-rips-into-predator-donald-trump-during-nashville-show/,Billie Eilishis unhappy with the outcome of the 2024 presidential election ... ripping into President-electDonald Trumpduring her show in Tennessee.
Billie Eilish,"Stephen King, Jamie Lee Curtis, Other Celebs React to Kamala Harris Loss",https://www.tmz.com/2024/11/06/celebrities-react-to-kamala-harris-election-loss-stephen-king/,"Despite countless celebrity endorsements, Vice PresidentKamala Harrisfell short Tuesday night and lost the 2024 Presidential Election ... prompting strong reactions from the entertainment world."
Billie Eilish,"Beyoncé Transforms Into Pamela Anderson in Video, Urges Viewers to Vote",https://www.tmz.com/2024/11/05/beyonce-vote-pamela-anderson-baywatch/,Beyoncéis using a jaw-dropping transformation and a new music video to encourage American fans to get out and vote ... withPamela Andersonas her ultimate muse.
Billie Eilish,Rihanna Jokes About Sneaking 'Into the Polls' Ahead of Election Day,https://www.tmz.com/2024/11/04/rihanna-jokes-about-sneaking-into-polls-before-election-day/,Rihannais sharing her 2 cents on the 2024 U.S. Presidential election ... even though she's unable to vote on Tuesday.
Billie Eilish,Chloë Grace Moretz Comes Out as Gay in Kamala Harris Endorsement,https://www.tmz.com/2024/11/03/chloe-grace-moretz-comes-out-as-gay-woman/,Chloë Grace Moretzis voting forKamala Harris... saying she's going to protect gay women just like her -- the first time she's come out publicly.
Billie Eilish,Cardi B Fires 'Up' Crowd at Kamala Harris Rally in Milwaukee,https://www.tmz.com/2024/11/01/cardi-b-speaks-at-kamala-harris-rally-in-milwaukee/,"Cardi Bis doubling down on her endorsement ofKamala Harris... speaking at the Democratic nominee's rally in Milwaukee, Wisconsin Friday evening."
Billie Eilish,Stars Seeing Red For Spooky Season ... Major Drippage!,https://www.tmz.com/2024/10/28/stars-seeing-red-for-spooky-season-major-drippage/,"The celebs are always providing inspo, so grab your fake blood, because it's a blood bath in Hollywood and the celebs are showin' out with some major drippage! These bloody pics may make you squeamish ... scroll slowly!"
Will Smith,"Shyne Digs Up Nas' Diddy Lyrics About Shooting Trial, Disses Funk Flex",https://www.tmz.com/2024/11/15/shyne-brings-up-nas-diddy-lyrics-after-shooting-trial-diss-funkmaster-flex/,"ShynesaysFunkmaster Flexis a well-known hater and you don't have to take just his word alone ... he says askJay-ZorNasdirectly, or any diehardTupac Shakurfan!!!"
Will Smith,Inside Cyndi Lauper's 'Girls Just Wanna Have Fun' Tour ... BTS Shots!,https://www.tmz.com/2024/11/14/inside-cyndi-laupers-girls-just-wanna-have-fun-tour-bts-shots/,Cindy Lauperis goin' out with a bang on her farewell tour -- celebrating 'Girls Just Wanna Have Fun' -- and took to social media to share behind the scenes shots!Check out our galleryand see musical guests likeSam SmithandWynonna Juddjoining the singing legend on tour!
Will Smith,"Diddy Rejects Shyne's 'Fall Guy,' 'Demonic' Labeling in Media",https://www.tmz.com/2024/11/14/diddy-responds-to-shyne-moses-barrow-claims-shooting-case-fall-guy/,Diddyis coming out swinging against former artistShyne's continuous media campaign that he was scapegoated in their 1999 shooting trial!!!
Will Smith,"Shyne Goes on Media Blitz, Labels Diddy 'Demonic'",https://www.tmz.com/2024/11/14/shyne-media-tour-diddy-shooting-case-honorable-documentary-hulu-stephen-a-smith-tamron-hall-gma/,"Shynehit the NYC pavement hard this week, reminding everyoneDiddyruined his life following the infamous 1999 club shooting -- the actions of a ""demonic"" man!!!"
Will Smith,50 Cent Disapproves of Louisiana Ending Film Tax Credit After Positive Impact,https://www.tmz.com/2024/11/14/50-cent-disapproves-louisiana-ends-film-tax-credit/,"50 Cent's incentive to build a film empire in Shreveport, Louisiana looks to be going out in a wash ... the state's House of Representatives decided this week to eliminate its $150 million tax incentive -- just as his operation was getting revved up!!!"
Will Smith,Ski and Snowboard Gear You Need This Winter,https://www.tmz.com/2024/11/14/ski-and-snowboard-deals/,TMZ may collect a share of sales or other compensation from links on this page.
Will Smith,"Denzel Washington, Pedro Pascal Lead Stars at 'Gladiator 2' London Premiere",https://www.tmz.com/2024/11/13/denzel-washington-pedro-pascal-gladiator-2-movie-premiere-london/,"The ""Gladiator II"" cast will soon enter the Box Office Colosseum ... but, for now, they're simply enjoying the run-up to the wide release of the film -- attending the premiere in London."
Will Smith,"Shawn Mendes, Rita Ora & More Attend 2024 MTV European Music Awards",https://www.tmz.com/2024/11/10/mtv-european-music-awards-2024-shawn-mendes-rita-ora/,America isn't the only place that loves a good award ceremony ... Europe clearly enjoys one too -- 'cause they brought out some big stars for the MTV European Music Awards.
Will Smith,Joe Rogan Gives Advice To President-Elect Donald Trump: Don't Attack Democrats,https://www.tmz.com/2024/11/08/joe-rogan-gives-donald-trump-democrats/,Joe Roganhas some advice for President-electDonald Trumpfor his next term — don't attack the Dems!
Will Smith,Rashida Jones Remembers 'Genius' Father Quincy in Poignant Tribute,https://www.tmz.com/2024/11/07/rashida-jones-remembers-genius-father-quincy-jones-tribute/,"Rashida Jonesis sharing her grief in the aftermath of the passing of her father, legendary music producerQuincy Jones."
Dwayne Johnson,Megan Fox Makes First Appearance at GQ Party After Pregnancy Announcement,https://www.tmz.com/2024/11/15/megan-fox-machine-pregnant-gq-party-machine-gun-kelly/,Megan Foxmade her first appearance after her big baby announcement ... but it was only from the neck up so you couldn't see her belly.
Dwayne Johnson,Dwayne Johnson Trolled Online After Comparing 'Red One' to 'Oppenheimer',https://www.tmz.com/2024/11/14/dwayne-johnson-trolled-online-compares-red-one-oppenheimer/,"Dwayne Johnsonis comparing his new flick ""Red One"" to ""Oppenheimer"" ... and, his take is bombing online -- with fans calling it laughable to stack up the 2 films."
Dwayne Johnson,Dwayne 'The Rock' Johnson Admits Whizzing in Bottles on Set of 'Red One',https://www.tmz.com/2024/11/11/dwayne-johnson-rock-pees-bottles-set/,"Action starDwayne ""The Rock"" Johnsonis coming clean about some recent reports of his behavior on set ... admitting to his method of taking care of emergency business when nature calls -- but denying he's costing production millions of dollars in downtime."
Dwayne Johnson,"Dwayne Johnson Calms Crying Fan, Takes Selfie In Sweet Moment Caught On Video",https://www.tmz.com/2024/11/07/dwayne-johnson-selfie-fan/,"The Rock's got a soft spot ... check out video ofDwayne Johnsonat a recent movie premiere -- he stopped to take a selfie with a crying fan, and the interaction was super sweet!!"
Dwayne Johnson,Celebs Dressed As Celebs For Halloween,https://www.tmz.com/2024/10/24/celebrities-dressed-as-celebrities-halloween-costumes/,"Halloween is THE day to dress up as whatever you flippin' want, so these celebs gave ode to their fave stars by fully dressing up as ... them! Take a scroll through the twinning pics ... This takes imitation to a whole new level of flattery!"
Dwayne Johnson,Dwayne 'The Rock' Johnson Surprise Appearance at WWE's Bad Blood,https://www.tmz.com/2024/10/06/dwayne-the-rock-johnson-surprise-appearance-wwe-bad-blood/,"Dwayne Johnsonwanted to shed his wrestling nickname when he became an actor, but Saturday night he was absolutely The Rock as he made a thunderous return to the ring!"
Dwayne Johnson,"Vince McMahon Slams 'Deceptive' Upcoming Netflix Doc, 'Mr. McMahon'",https://www.tmz.com/2024/09/23/vince-mcmahon-slams-netflix-doc-wwe/,"Vince McMahonisn't wasting any time knocking Netflix's soon-to-be-released docuseries, ""Mr. McMahon"" ... with the former WWE honcho blasting the project just days before its anticipated release."
Dwayne Johnson,Guess Who This Kid On A Boat Turned Into!,https://www.tmz.com/2024/08/30/guess-who-this-kid-on-boat-turned-into/,"Before this blonde boy on a boat turned into an actor and was belting it out with his guitar, he was just growing up in Vancouver, British Columbia, looking after his three younger siblings and striving to be a child star!"
Dwayne Johnson,Guess Who This Lil' Red Head Cutie Turned Into!,https://www.tmz.com/2024/07/05/guess-who-this-lil-red-head-cutie-turned-into/,"Before this lil' cutie with red hair and blunt bangs turned into an actress, she was just givin' some sass to the camera, attending college where she studied acting and theater, modeling and growing up in Scotland."
Dwayne Johnson,"Paul Walter Hauser Calls Out Vin Diesel, Despite Never Working With Him",https://www.tmz.com/2024/06/27/paul-walter-hauser-calls-out-vin-diesel-despite-never-working-together/,Paul Walter Hauseris calling outVin Diesel's alleged attitude while he's on the set of his big-budget films ... even though the 2 actors have never shared the screen.
Ariana Grande,What's The Big Frigin' Difference?!,https://www.tmz.com/2024/11/16/whats-the-big-frigin-difference/,"Kristin Chenoweth--aka theOG Glinda -- is defying gravity in these wickedly awesome photos! She rose to fame in pink, but take a look at this green ensemble and see if you can track down the witch switches."
Ariana Grande,Ariana Grande and Ethan Slater Embrace at 'Wicked' Premiere,https://www.tmz.com/2024/11/15/ariana-grande-hugs-boyfriend-ethan-slater-wicked-premiere-new-york-city/,"Ariana GrandeandEthan Slaterare letting everyone get a glimpse of their mostly private relationship ... engaging in some light PDA at the NYC premiere of ""Wicked"" Thursday night!"
Ariana Grande,"Jeff Goldblum Met Ariana Grande 20 Years Ago, but Totally Forgot",https://www.tmz.com/2024/11/15/jeff-goldblum-forgot-meeting-ariana-grande-20-years-ago-wicked-costars/,"""Wicked"" isn't the first timeJeff GoldblumandAriana Grandehave crossed paths ... with the veteran actor confessing he met the pop star 20 years ago -- but totally forgot all about it."
Ariana Grande,'Wicked' Star Cynthia Erivo Says She Still Gets Nervous When She Sings,https://www.tmz.com/2024/11/14/wicked-star-cynthia-erivo-still-gets-nervous-singing/,"Cynthia Erivois a Grammy award-winning singer, but she still gets nervous when she has to show off her pipes ... admitting as much on camera."
Ariana Grande,"Ariana Grande, Cynthia Erivo Defend 'Crying' in 'Wicked' Press Tour Interviews",https://www.tmz.com/2024/11/14/ariana-grande-cynthia-erivo-defend-crying-wicked-movie-press-tour-interviews/,"Cynthia ErivoandAriana Grandeare feeling ""Popular"" ahead of the release of ""Wicked"" ... admitting they've cried through a number of press interviews for the musical movie."
Ariana Grande,'Toy Scout' Encourages Folks to Cash in 'Wicked' Mattel Toys With Porn Link,https://www.tmz.com/2024/11/13/toy-scout-joel-agee-wicked-mattel-toys-porn-link-mistake-resell-for-profit/,"The Toy Scout,Joel Magee,is advising people against tossing out the ""Wicked"" toys incorrectly labeled with a porn link ... explaining owners could majorly cash in on the X-rated error."
Ariana Grande,Ariana Grande Fan-Girled Over 'Wicked' Munchkins During Filming,https://www.tmz.com/2024/11/13/ariana-grande-fangirled-munchkins-wicked-movie-filming/,"Ariana Grandewas in awe the first time she saw the Munchkins in the upcoming ""Wicked"" movie ... so much so that she stopped to take photos of them in costume."
Ariana Grande,"Ariana Grande Calls Out Incorrect 'Wicked' Lyric, Sparks Debate",https://www.tmz.com/2024/11/13/ariana-grande-calls-out-incorrect-wicked-lyric-poise-ploys-sparks-debate/,"Ariana Grandehas left fans clamoring for answers after calling out one inaccurate ""Wicked"" lyric ... with some debating the pop star's stance on the song."
Ariana Grande,"Ariana Grande, Cynthia Erivo Perform 'I'm Every Woman' Live on 'Today'",https://www.tmz.com/2024/11/13/wicked-ariana-grande-cynthia-erivo-perform-every-woman-live-today-show/,"Ariana GrandeandCynthia Erivoare proving they're perfectly in-sync ... busting out into song during their recent appearance on ""TODAY."""
Ariana Grande,Count Down to Christmas With Festive Advent Calendars Featuring Your Faves,https://www.tmz.com/2024/11/13/advent-calendars-deals/,TMZ may collect a share of sales or other compensation from links on this page.
Selena Gomez,"Selena Gomez, Harrison Ford, More Seen Out Strolling Post-Election",https://www.tmz.com/2024/11/08/celebs-walk-after-election-selena-gomez-harrison-ford/,"Many in Hollywood were disappointed with the election outcome, afterDonald Trumpemerged as the winner againstKamala Harris... and it looks like some of those stars took a stroll to cope this week."
Selena Gomez,Rotimi Credits Jay-Z for Birthing His Acting Career When He Sang With NBH,https://www.tmz.com/2024/11/06/rotimi-credits-jay-z-for-his-acting-career-from-singing-with-group-nbh/,"BeforeRotimiwas starring asDreon50 Cent's first ""Power"" series, he was honing his musical talent in a singing group withJay-Z's nephews!!!"
Selena Gomez,Selena Gomez Responds to Body-Shamers After Premiere of 'Emilia Pérez',https://www.tmz.com/2024/11/04/selena-gomez-responds-to-bodyshamers-sebo-emilia-perez-premiere/,"Selena Gomezcame in hot, shutting down body-shamers who had the audacity to troll her look at last week’s ""Emilia Pérez"" premiere in L.A."
Selena Gomez,Comedian Peng Dang Discusses Tony Hinchcliffe's Racist Rant Against Him,https://www.tmz.com/2024/10/31/peng-dang-comedian-tony-hinchcliffe-racist-rant/,"ComedianPeng Dangis weighing in onTony Hinchcliffe's offensive Puerto Rico ""garbage"" joke, telling TMZ he's hardly shocked -- especially given their rocky past."
Selena Gomez,Selena Gomez Slams Tony Hinchcliffe's Puerto Rico 'Garbage' Joke,https://www.tmz.com/2024/10/30/selena-gomez-rips-tony-hinchcliffe-puerto-rico-garbage-joke/,Selena Gomezis speaking out against a racist joke from a comedian who was invited to speak at a recentDonald Trumprally.
Selena Gomez,"Selena Gomez Votes On Her Way to TV Premiere in L.A., Video Shows",https://www.tmz.com/2024/10/29/selena-gomez-vote-los-angeles-disney-wizard/,Selena Gomezwas on her way to her TV premiere in Los Angeles on Monday — but she made an important pit stop to cast her vote for the next U.S. president.
Selena Gomez,Hollywood Celebs Go All Out for Halloween 2024,https://www.tmz.com/2024/10/27/celebrity-halloween-costumes-2024/,It's the time of year where even Hollywood A-listers wanna be someone else -- with many of them throwing on makeup and donning costumes for Halloween week!
Selena Gomez,Selena Gomez and Benny Blanco Channel 'Alice In Wonderland' for Halloween,https://www.tmz.com/2024/10/27/selena-gomez-benny-blanco-wear-alice-in-wonderland-mad-hatter-costumes/,"Selena GomezandBenny Blancobroke out their Halloween costumes early this year — and the couple looks like something straight out of ""Alice in Wonderland."""
Selena Gomez,Selena Gomez Makes 'Diddy' Slip During Charity Event in L.A.,https://www.tmz.com/2024/10/25/selena-gomez-diddy-name-slip-rare-impact-fund-benefit/,Selena Gomezmade a tiny slip during a speech at her L.A. charity event Thursday night --- and it had to do withDiddy!
Selena Gomez,Selena Gomez Cuddles Up to Benny Blanco & Édgar Ramírez After Grinding Incident,https://www.tmz.com/2024/10/22/selena-gomez-cuddles-up-benny-blanco-edgar-ramirez-grinding/,"Selena Gomezis making it clear everyone needs to ""Calm Down"" ... proving all is well between herself, boyfriendBenny Blancoand costarÉdgar Ramírezafter a recent viral grinding incident."
Casey Neistat,Get Two Camera Drones for $150,https://www.tmz.com/2023/11/28/get-two-camera-drones-for-150/,TMZ may collect a share of sales or other compensation from links on this page.
Casey Neistat,Seth Rogen Slammed for Calling Out YouTuber Whose Car Was Burglarized,https://www.tmz.com/2021/11/26/seth-rogen-casey-neistat-youtuber-car-burglary-crime-l-a/,"The Twitter posse is at it again ... this time trying to cancelSeth Rogenfor daring to call out a YouTuber who called Seth's stomping ground a ""crime riddled 3rd world s***hole of a city."""
Joe Rogan,Peanut the Squirrel Shouted Out at UFC 309 and 'SNL',https://www.tmz.com/2024/11/17/peanut-the-squirrel-mentioned-at-ufc-snl/,"Peanut the Squirrelwas on the minds of lots of folks Saturday night, from fighters to comedians."
Joe Rogan,"Donald Trump Attends UFC 309 W/ Elon Musk, RFK Jr., Gets Massive Ovation!",https://www.tmz.com/2024/11/16/donald-trump-attends-ufc-309-elon-musk-rfk/,"Jon JonesdominatedStipe Miocicin the main event of 309 ... and then shouted out President Trump during his post-fight interview withJoe Rogan, thanking him for attending."
Joe Rogan,"Dana White Says Donald Trump, Conor McGregor Received Loudest Ovations Ever",https://www.tmz.com/2024/11/16/dana-white-donald-trump-conor-mcgregor-loudest-ovation-ufc/,Jon JonesdominatedStipe Miocicin the main event of 309 ... and then shouted out President Trump during his post-fight interview withJoe Rogan.
Joe Rogan,"Paul vs. Tyson Prop Bets, Will Mike Bite Jake's Penis?",https://www.tmz.com/2024/11/14/paul-tyson-prop-bets/,"The Brinks trucks will be waiting forJake PaulandMike Tysonafter Friday's boxing match ... but viewers can walk away with a huge chunk of change, too -- with prop bets turning the fight into a money-making opportunity!!"
Joe Rogan,"Joe Rogan Says Elon Musk Developed a Custom App, Knew Trump Won Early",https://www.tmz.com/2024/11/12/joe-rogan-says-elon-musk-made-app-knew-donald-trump-won-early/,Joe Roganjust spilled some serious next-level insider info ... sayingElon Muskknewhoursbefore the official results dropped thatDonald Trumphad already won the election.
Joe Rogan,'Joker: Folie à Deux' Actor Says Cast Knew Movie Would Bomb While Making It,https://www.tmz.com/2024/11/09/joker-folie-a-deux-actor-cast-knew-movie-sucked-making-it-joker/,"""Joker: Folie à Deux"" was always going to be a flop, and even members of the cast knew it ... this according to one of those very actors."
Joe Rogan,Andrew Yang Says Kamala Harris Screwed Up by Not Going on Joe Rogan Podcast,https://www.tmz.com/2024/11/08/andrew-yang-says-kamala-harris-needed-to-go-on-joe-rogan-podcast/,"Andrew YangsaysKamala Harrismade a major misstep during the campaign ... claiming she should've spent a few hours in Austin, Texas -- speaking toJoe Rogan!"
Joe Rogan,Joe Rogan Gives Advice To President-Elect Donald Trump: Don't Attack Democrats,https://www.tmz.com/2024/11/08/joe-rogan-gives-donald-trump-democrats/,Joe Roganhas some advice for President-electDonald Trumpfor his next term — don't attack the Dems!
Joe Rogan,"DJ Vlad Blames Kamala Harris for Skipping VLADTV, Says It Led to Election Loss",https://www.tmz.com/2024/11/07/dj-vlad-slams-kamala-harris-skipping-vladtv-podcast-election-loss/,"There's been heavy speculation as to whyKamala Harrisgot trounced at the polls byDonald Trump,andDJ Vladsays he has the answers ... her media savvy SUCKED!!!"
Joe Rogan,Bryce Hall Looking to Make TikToks With Donald Trump in White House,https://www.tmz.com/2024/11/06/bryce-hall-wants-to-make-tiktoks-with-donald-trump-white-house/,"Bryce Hall, one of the most popular internet stars who supportedDonald Trumpduring his presidential campaign, wants to help the prez-elect keep going viral ... by making social media vids with DT in the WH."
Chris Brown,Meek Mill Distances Himself From Diddy After Years of Association,https://www.tmz.com/2024/11/13/meek-mill-distances-himself-from-diddy/,"10:30 AM PT-- Just like we predicted,Diddy's kids got wind ofMeek Mill's deflection and let's just sayJustin Combsis severely disappointed in the Dreamchaser!!!"
Chris Brown,Drake and Chris Brown Go Diamond With Monster Collab 'No Guidance',https://www.tmz.com/2024/11/12/drake-chris-brown-no-guidance-diamond-sales/,"DrakeandChris Brownsquashing their beef back in the day has resulted in a shiny new accolade -- a Diamond-certified plaque for their ""No Guidance"" duet!!!"
Chris Brown,Ray J Claims He Was Just Shot At In An Expletive-Filled Rant on Video,https://www.tmz.com/2024/11/12/ray-j-claims-he-was-just-shot-at-in-an-expletive-filled-rant/,Ray Jis claiming he was targeted in a recent shooting ... posting a heated response on social media in the aftermath of the alleged incident.
Chris Brown,"Tyler, The Creator Calls Out 'Racist Ass' Swifties For Bringing Up Old Lyrics",https://www.tmz.com/2024/11/01/tyler-the-creator-calls-out-swifties/,"Tyler, The Creatorcursed outTaylor Swift's Swifties for bringing up his old lyrics in hopes of getting him canceled ... he's doubling down on his wildest words!!!"
Chris Brown,Celebs Dress Up For La La Anthony's Halloween Party,https://www.tmz.com/2024/10/31/la-la-anthony-halloween-party-west-hollywood/,"Forget the kids,La La Anthony's feeling the real spirit of Halloween ... which is all about grown-ass celebs slipping into scary, sexy, cool costumes and packing into fancy West Hollywood parties."
Chris Brown,"Lil Durk Says Jail Food Is Terrible, but Overall He's in 'Great Spirits'",https://www.tmz.com/2024/10/30/lil-durk-hates-jail-food-murder-for-hire-arrest-miami/,Lil Durkis hanging in there despite his recent murder-for-hire arrest ... with sources telling us his only complaint is about the food on the inside.
Chris Brown,Hazel-E Says She Feared Ray J Fight With Diddy's Sons Would End In Gunfire,https://www.tmz.com/2024/10/29/hazel-e-thought-diddy-sons-ray-j-fight-would-end-in-gunshots/,Hazel-Efeared the worst whenRay Jwas on the verge of an all out brawl withDiddy's sons at a Halloween party ... telling us she thought it might end in a hail of bullets.
Chris Brown,"Diddy's Sons Attempted to Fight Ray J, Broken Up by Chris Brown",https://www.tmz.com/2024/10/29/diddy-sons-ray-j-fight-broken-up-chris-brown/,Diddy's sons were about ready to get into an all-out fistfight withRay Jat a recent Halloween party ... but put their plans on pause thanks to an unexpected hero.
Chris Brown,Lil Durk Has Key to City Yanked After Murder-for-Hire Arrest,https://www.tmz.com/2024/10/25/lil-durk-key-to-city-broadview-chicago-taken-away-murder-for-hire-arrest/,Lil Durkwas just arrested in a murder conspiracy -- and one of the city keys he received last week has just been yanked before the new smell could whiff away!!!
Chris Brown,"Cassie Forced to Smile Through 2018 Club Gig with Diddy, Months Before Split",https://www.tmz.com/2024/10/08/diddy-cassie-on-video-2018-dubai-performance/,Cassiewas pushing through withDiddyduring their tough years together ... making it seem like all was well in their relationship while onstage with him in Dubai -- before finally calling it quits.
Lady Gaga,Oprah Winfrey Denies Being Paid $1 Million to Campaign for Kamala Harris,https://www.tmz.com/2024/11/11/oprah-winfrey-denies-being-paid-1-million-to-campaign-for-kamala-harris/,Oprah Winfreyis shutting down claims she was paid $1 million to host a town hall on behalf ofKamala Harris' presidential campaign ... with the talk show legend declaring it's all BS.
Lady Gaga,'Today's Willie Geist Says Celebrity Endorsements 'Didn't Help' Kamala Harris,https://www.tmz.com/2024/11/06/today-show-willie-geist-says-celebrity-endorsements-didnt-help-kamala-harris/,"""Today"" starWillie Geistis sharing his 2 cents on the 2024 Presidential Election ... acknowledging Vice PresidentKamala Harris' many celebrity endorsements didn't matter in the long run."
Lady Gaga,"Beyoncé Transforms Into Pamela Anderson in Video, Urges Viewers to Vote",https://www.tmz.com/2024/11/05/beyonce-vote-pamela-anderson-baywatch/,Beyoncéis using a jaw-dropping transformation and a new music video to encourage American fans to get out and vote ... withPamela Andersonas her ultimate muse.
Lady Gaga,Lady Gaga Performs From 'Rocky' Steps at Kamala Harris Rally In Philadelphia,https://www.tmz.com/2024/11/05/lady-gaga-kamala-harris-rally-rocky-steps-philadelphia/,"Lady Gagagave a live performance at Kamala Harris' final campaign rally Monday night in the all-important swing state of Pennsylvania, belting out ""God Bless America"" to show her full support for the Democratic presidential nominee."
Lady Gaga,Katy Perry Fires Up Kamala Harris Rally With Political Statement Mid-Song,https://www.tmz.com/2024/11/05/katy-perry-performance-kamala-harris-rally-pittsburgh/,Katy Perryhit the campaign trail on behalf of Vice PresidentKamala Harris... performing a medley of her hits at the presidential hopeful's rally in Pittsburgh.
Lady Gaga,Rihanna Jokes About Sneaking 'Into the Polls' Ahead of Election Day,https://www.tmz.com/2024/11/04/rihanna-jokes-about-sneaking-into-polls-before-election-day/,Rihannais sharing her 2 cents on the 2024 U.S. Presidential election ... even though she's unable to vote on Tuesday.
Lady Gaga,'Joker 2' Actor Behind Controversial Twist Ending Shrugs Off Fanboy Rage,https://www.tmz.com/2024/10/10/joker-folie-a-deux-actor-connor-storrie-twist-ending-speaks-out/,"""Joker: Folie à Deux"" is officially DOA -- even wildly despised by some theatergoers -- but the actor at the center of one of the biggest fanboy gripes has one question ... Why so serious?"
Lady Gaga,Real-Life Joker Wreaks Havoc at Former Workplace in Viral Video,https://www.tmz.com/2024/10/10/fired-gas-station-attendant-returns-as-joker/,Joaquin Phoenixisn't the only Joker on the streets these days ... a Brazilian man has taken inspiration from the crime thriller to wreak havoc on his former employer.
Lady Gaga,Celebrity Scramble Guess Who!,https://www.tmz.com/2024/10/06/celebrity-scramble-guess-who/,"Hidden behind this mashed-up photo is an actor and celebrity who's been around the block since the 80's, and he's nojoke!Put your celeb knowledge on the line, or better yetwalk the line... do you think you've got what it takes to outrun this unknown star?"
Lady Gaga,"'Joker 2' Stumbles Out of The Gate, Low Box Office and Poor Reviews",https://www.tmz.com/2024/10/05/joker-folie-a-deux-movie-bombs-box-office/,Lady GagaandJoaquin Phoenixdon't seem to be enough on their own to make the 'Joker' sequel a hit ... and the early returns are anything but promising.
Kai Cenat,"Halle Bailey Admits Overreacting on Social Media, Praises DDG's Dad Skills",https://www.tmz.com/2024/11/07/halle-bailey-admits-overreacted-to-baby-halo-livestream-ddg-kai-cenat-social-media/,Halle Baileyhas given herself time towoosahoffline and is owning up to flying off the handle a bit 🤏🏽 on her ex-BFDDGafter seeing her baby onKai Cenat's stream without her permission.
Kai Cenat,Halle Bailey Deletes Social Accounts Over DDG Bringing Son on Kai Cenat Stream,https://www.tmz.com/2024/11/07/ddg-halle-bailey-deletes-social-media-accounts-kai-cenat-stream-son-halo/,"10:30 AM PT --Halle Baileyreinstated her accounts Thursday morning, andsaid she may have overreactedlast night -- clarifyingDDGis a great dad, and thankingKai Cenatfor the gifts to her son."
Kai Cenat,Kai Cenat Working With Police To Combat Swatting Attempts During 'Mafiathon 2',https://www.tmz.com/2024/11/04/kai-cenat-police-swatting-mafiathon-2/,"Kai Cenat's latest subathon got off to a bumpy start due to a swatting attempt, but the streaming superstar should be in the clear now ... 'causeTMZhas learned he's working with local law enforcement to prevent any future issues."
Kai Cenat,"Livvy Dunne, Paul Brothers, Kai Cenat Among Forbes' Top Content Creators",https://www.tmz.com/2024/10/28/forbes-top-creators-livvy-dunne-logan-paul-kai-cenat/,"The top content creators of the past year have been announced ... and notable sports figures likeLivvy Dunne, the Paul brothers andFlau'jae Johnsonmade the cut -- thanks to their fat wallets and huge audiences!!"
Kai Cenat,Eli Manning Makes Chopped Cheese At Viral 'Ocky Way' Deli In NYC,https://www.tmz.com/2024/10/16/eli-manning-ocky-way-deli/,"File this under collabs you never knew you needed -- New York Giants legendEli Manningswung by the legendary Ocky Way Deli in NYC ... and of course, he went with the hometown's favorite chopped cheese!"
Kai Cenat,"Kai Cenat, IShowSpeed Finally Beat Minecraft Hardcore After 105 Hours",https://www.tmz.com/2024/08/22/kai-cenat-ishowspeed-beat-minecraft-hardcore/,The impossible has happened --Kai CenatandIShowSpeedhave finally beat Minecraft Hardcore ... and it only took the duo a little over 105 hours to do it!!!
Kai Cenat,"IShowSpeed, Kai Cenat Get Into Scuffle Over Minecraft During Stream",https://www.tmz.com/2024/08/20/ishowspeed-kai-cenat-fight/,IShowSpeedandKai Cenat's friendship might not survive their Minecraft Hardcore marathon ... 'cause they just got in a scuffle for all to see.
Kai Cenat,"College Students Hospitalized, Shocking Pic Shows Them Passed Out on Cancun Bar",https://www.tmz.com/2024/08/08/college-students-hospitalized-cancun-bar/,"College studentZara Hullis speaking out after she and her friend were apparently drugged at a swim-up bar in Cancun, Mexico ... sharing the harrowing details that landed them in the hospital."
Kai Cenat,"Kamala Harris Campaign Did Not Reach Out to Kai Cenat for Collab, Sources Say",https://www.tmz.com/2024/08/08/harris-campaign-never-contacted-kai-cenat/,"Streaming superstarKai Cenatis pissed he's getting calls from the Secret Service, becauseKamala Harris' campaign wants to collaborate with him ... but we're told this is far from the truth."
Kai Cenat,Kai Cenat Petitioned To Interview Kamala Harris After Donald Trump's Adin Ross Stream,https://www.tmz.com/2024/08/05/kai-cenat-petition-interview-kamala-harris-donald-trump-adin-ross/,Kai Cenat's services are being requested to help endorseKamala Harrisfor President afterAdin Rosswent all out forDonald Trump... and even gave him a Tesla Cybertruck!!!
